﻿pos_x,pos_y,rotation,side,designator,mpn,pack,footprint,value,mount_type
180.285,-102.56,180.0,top,C1,,,C_0805_2012Metric,4.7u,smt
176.69,-110.76,180.0,top,C2,,,C_0805_2012Metric,4.7u,smt
184.085,-102.56,0.0,top,C3,,,C_0805_2012Metric,0.1u,smt
176.64,-107.36,180.0,top,C4,,,C_0805_2012Metric,0.1u,smt
157.22,-86.37,180.0,top,C5,,,C_0805_2012Metric,0.1u,smt
150.55,-110.05,-90.0,top,C6,,,C_0805_2012Metric,0.1u,smt
135.6525,-97.8,-90.0,top,CN1,,,CONN-TH_HX25418-10WA,HX25418-10WA,tht
139.5375,-72.1,180.0,top,D1,,,LED_0805_2012Metric,BLUE,smt
139.475,-65.1,180.0,top,D2,,,LED_0805_2012Metric,ORANGE,smt
139.5125,-68.5,180.0,top,D3,,,LED_0805_2012Metric,RED,smt
139.0275,-86.36,0.0,top,J1,,,PinSocket_1x10_P2.54mm_Vertical,Conn_01x10V,tht
199.8,-70.42,0.0,top,J2,,,PinHeader_1x22_P2.54mm_Vertical,Conn_01x22,tht
167.0,-70.44,0.0,top,J3,,,PinHeader_1x22_P2.54mm_Vertical,Conn_01x22,tht
150.5,-130.23,90.0,top,J4,,,PinHeader_2x03_P2.54mm_Vertical,Conn_02x03,tht
196.26,-70.42,0.0,top,J5,,,PinSocket_1x22_P2.54mm_Vertical,Conn_01x22,tht
170.6,-70.46,0.0,top,J6,,,PinSocket_1x22_P2.54mm_Vertical,Conn_01x22,tht
193.46,-70.45,0.0,top,J7,,,PinSocket_1x22_P2.54mm_Vertical,Conn_01x22,tht
145.91,-76.45,0.0,top,Q1,,,SOT-23,2N7002,smt
151.62,-76.44,0.0,top,R1,,,R_0805_2012Metric,10k,smt
144.0875,-72.1,180.0,top,R2,,,R_0805_2012Metric,1k,smt
144.1,-65.1,0.0,top,R3,,,R_0805_2012Metric,1k,smt
144.0875,-68.5,0.0,top,R4,,,R_0805_2012Metric,1k,smt
141.75,-75.9,180.0,top,R6,,,R_0805_2012Metric,10k,smt
156.05,-67.4,180.0,top,SW1,,,SW-SMD_8P-L13.0-W3.5-P2.00,TA-3532S-A2,smt
130.16,-117.8,-90.0,top,SW_1,,,SW_SPST_PTS645Sx43SMTR92,SW_BOOT,smt
182.21,-109.06,-90.0,top,U2,,,SOT-223-3_TabPin2,LDL1117S33R,smt
148.35,-92.5625,-90.0,top,U3,,,TSSOP-16_4.4x5mm_P0.65mm,TMUX1574PW,smt
148.3,-103.2125,-90.0,top,U7,,,TSSOP-16_4.4x5mm_P0.65mm,TMUX1574PW,smt
157.7,-92.375,180.0,top,U8,,,Texas_PW0020A_TSSOP-20_4.4x6.5mm_P0.65mm,TXS0108EPW,smt
158.0,-103.075,0.0,top,U9,,,Texas_PW0020A_TSSOP-20_4.4x6.5mm_P0.65mm,TXS0108EPW,smt
