﻿Designator,Quantity,Value,Footprint,Package,MPN,DNP,Mount_Type,Description,LCSC Part,Sim.Pins
"C1, C2",2,4.7u,C_0805_2012Metric,,,,smt,Unpolarized capacitor,,
"C3, C4, C5, C6",4,0.1u,C_0805_2012Metric,,,,smt,Unpolarized capacitor,,
CN1,1,HX25418-10WA,CONN-TH_HX25418-10WA,,,,tht,,C704586,
D1,1,BLUE,LED_0805_2012Metric,,,,smt,Light emitting diode,,1=K 2=A
D2,1,ORANGE,LED_0805_2012Metric,,,,smt,Light emitting diode,,1=K 2=A
D3,1,RED,LED_0805_2012Metric,,,,smt,Light emitting diode,,1=K 2=A
"J2, J3",2,Conn_01x22,PinHeader_1x22_P2.54mm_Vertical,,,,tht,"Generic connector, single row, 01x22, script generated (kicad-library-utils/schlib/autogen/connector/)",,
J4,1,Conn_02x03,PinHeader_2x03_P2.54mm_Vertical,,,,tht,"Generic connector, double row, 02x03, counter clockwise pin numbering scheme (similar to DIP package numbering), script generated (kicad-library-utils/schlib/autogen/connector/)",,
"J5, J6, J7",3,Conn_01x22,PinSocket_1x22_P2.54mm_Vertical,,,,tht,"Generic connector, single row, 01x22, script generated (kicad-library-utils/schlib/autogen/connector/)",,
Q1,1,2N7002,SOT-23,,,,smt,"0.115A Id, 60V Vds, N-Channel MOSFET, SOT-23",,
"R1, R6",2,10k,R_0805_2012Metric,,,,smt,Resistor,,
"R2, R3, R4",3,1k,R_0805_2012Metric,,,,smt,Resistor,,
SW1,1,TA-3532S-A2,SW-SMD_8P-L13.0-W3.5-P2.00,,,,smt,,C514040,
SW_1,1,SW_BOOT,SW_SPST_PTS645Sx43SMTR92,,,,smt,"Push button switch, generic, separate symbols, four pins",,
U2,1,LDL1117S33R,SOT-223-3_TabPin2,,,,smt,"1A Low Dropout regulator, positive, 1.8V fixed output, SOT-223",,
"U3, U7",2,TMUX1574PW,TSSOP-16_4.4x5mm_P0.65mm,,,,smt,"Low Capacitance and low resistance 2Ω, 4-Channel, 2:1 Switch, Powered-off Protection with 1.8V logic, 1.5 - 5.5V, TSSOP-16",,
"U8, U9",2,TXS0108EPW,Texas_PW0020A_TSSOP-20_4.4x6.5mm_P0.65mm,,,,smt,"Bidirectional  level-shifting voltage translator, TSSOP-20",,
